{
  "qz1": {
    "source": [

    ],
    "lat_lan_type": 0
  },
  "phone": {
    "source": [
      [35.152228,136.881756],
      [35.152159,136.881663],
      [35.151237,136.883936],
      [35.153146,136.88564],
      [35.153755,136.887972],
      [35.154211,136.888097],
      [35.156073,136.887648],
      [35.157,136.88834],
      [35.158603,136.890287],
      [35.159329,136.891633],
      [35.15919,136.892822],
      [35.161023,136.892953],
      [35.162076,136.892774],
      [35.164836,136.892399],
      [35.165968,136.892475],
      [35.16628,136.89383],
      [35.166281,136.893831],
      [35.166281,136.893831],
      [35.166281,136.893831],
      [35.166281,136.893831],
      [35.166281,136.893831],
      [35.166281,136.893831],
      [35.166281,136.893831],
      [35.166281,136.893831],
      [35.166281,136.893831],
      [35.166281,136.893831],
      [35.166281,136.893831],
      [35.166281,136.893831],
      [35.166281,136.893831],
      [35.166281,136.893831],
      [35.166281,136.893831],
      [35.166281,136.893831],
      [35.166281,136.893831],
      [35.166281,136.893831],
      [35.166281,136.893831],
      [35.166281,136.893831],
      [35.166281,136.893831],
      [35.166281,136.893831],
      [35.166281,136.893831],
      [35.166281,136.893831],
      [35.166281,136.893831],
      [35.166281,136.893831],
      [35.166281,136.893831],
      [35.166281,136.893831],
      [35.166281,136.893831],
      [35.166281,136.893831],
      [35.166281,136.893831],
      [35.166281,136.893831],
      [35.166281,136.893831],
      [35.166281,136.893831],
      [35.166281,136.893831],
      [35.166281,136.893831],
      [35.166281,136.893831],
      [35.166281,136.893831],
      [35.166281,136.893831],
      [35.166281,136.893831],
      [35.166281,136.893831],
      [35.166281,136.893831],
      [35.166281,136.893831],
      [35.166281,136.893831],
      [35.166281,136.893831],
      [35.166281,136.893831],
      [35.166281,136.893831],
      [35.166281,136.893831],
      [35.166281,136.893831],
      [35.166281,136.893831],
      [35.166281,136.893831],
      [35.166281,136.893831],
      [35.166281,136.893831],
      [35.166281,136.893831],
      [35.166281,136.893831],
      [35.166281,136.893831],
      [35.166281,136.893831],
      [35.166281,136.893831],
      [35.166281,136.893831],
      [35.166281,136.893831],
      [35.166281,136.893831],
      [35.166281,136.893831],
      [35.166281,136.893831],
      [35.166281,136.893831],
      [35.166281,136.893831],
      [35.166281,136.893831],
      [35.166281,136.893831],
      [35.166281,136.893831],
      [35.166281,136.893831],
      [35.166281,136.893831],
      [35.166281,136.893831],
      [35.166281,136.893831],
      [35.166281,136.893831],
      [35.166281,136.893831],
      [35.166281,136.893831],
      [35.166281,136.893831],
      [35.166281,136.893831],
      [35.166281,136.893831],
      [35.166281,136.893831],
      [35.166281,136.893831],
      [35.166281,136.893831],
      [35.166281,136.893831],
      [35.166281,136.893831],
      [35.166281,136.893831],
      [35.166281,136.893831],
      [35.166281,136.893831],
      [35.166281,136.893831],
      [35.166281,136.893831],
      [35.166281,136.893831],
      [35.166281,136.893831],
      [35.166281,136.893831],
      [35.166281,136.893831],
      [35.166281,136.893831],
      [35.166281,136.893831],
      [35.166281,136.893831],
      [35.166281,136.893831],
      [35.166281,136.893831],
      [35.166281,136.893831],
      [35.166281,136.893831],
      [35.166281,136.893831],
      [35.166281,136.893831],
      [35.166281,136.893831],
      [35.166281,136.893831],
      [35.166281,136.893831],
      [35.166281,136.893831],
      [35.166281,136.893831],
      [35.166281,136.893831],
      [35.166281,136.893831],
      [35.166281,136.893831],
      [35.166281,136.893831],
      [35.166281,136.893831],
      [35.166281,136.893831],
      [35.166281,136.893831],
      [35.166281,136.893831],
      [35.166281,136.893831],
      [35.166281,136.893831],
      [35.166281,136.893831],
      [35.166281,136.893831],
      [35.166281,136.893831],
      [35.166281,136.893831],
      [35.166281,136.893831],
      [35.166281,136.893831],
      [35.166281,136.893831],
      [35.166281,136.893831],
      [35.166281,136.893831],
      [35.166281,136.893831],
      [35.166281,136.893831],
      [35.166281,136.893831],
      [35.166281,136.893831],
      [35.166281,136.893831],
      [35.166281,136.893831],
      [35.166281,136.893831],
      [35.166281,136.893831],
      [35.166281,136.893831],
      [35.166281,136.893831],
      [35.166281,136.893831],
      [35.166281,136.893831],
      [35.166281,136.893831],
      [35.166281,136.893831],
      [35.166281,136.893831],
      [35.166281,136.893831],
      [35.166281,136.893831],
      [35.166281,136.893831],
      [35.166281,136.893831],
      [35.166281,136.893831],
      [35.166281,136.893831],
      [35.166281,136.893831],
      [35.166281,136.893831],
      [35.166281,136.893831],
      [35.166281,136.893831],
      [35.166281,136.893831],
      [35.166281,136.893831],
      [35.166281,136.893831],
      [35.166281,136.893831],
      [35.166281,136.893831],
      [35.166281,136.893831],
      [35.166281,136.893831],
      [35.166281,136.893831],
      [35.166281,136.893831],
      [35.166281,136.893831],
      [35.166281,136.893831],
      [35.166281,136.893831],
      [35.166281,136.893831],
      [35.166281,136.893831],
      [35.166281,136.893831],
      [35.166281,136.893831],
      [35.166281,136.893831],
      [35.166281,136.893831],
      [35.166281,136.893831],
      [35.166281,136.893831],
      [35.166281,136.893831],
      [35.166281,136.893831],
      [35.166281,136.893831],
      [35.166281,136.893831],
      [35.166281,136.893831],
      [35.166281,136.893831],
      [35.166281,136.893831],
      [35.166281,136.893831],
      [35.166281,136.893831],
      [35.166281,136.893831],
      [35.166281,136.893831],
      [35.166281,136.893831],
      [35.166281,136.893831],
      [35.166281,136.893831],
      [35.166281,136.893831],
      [35.166281,136.893831],
      [35.166281,136.893831],
      [35.166281,136.893831],
      [35.166281,136.893831],
      [35.166281,136.893831],
      [35.166281,136.893831],
      [35.166281,136.893831],
      [35.166281,136.893831],
      [35.166281,136.893831],
      [35.166281,136.893831],
      [35.166281,136.893831],
      [35.166281,136.893831],
      [35.166281,136.893831],
      [35.166281,136.893831],
      [35.166281,136.893831],
      [35.166281,136.893831],
      [35.166281,136.893831],
      [35.166281,136.893831],
      [35.166281,136.893831],
      [35.166281,136.893831],
      [35.166281,136.893831],
      [35.166281,136.893831],
      [35.166281,136.893831],
      [35.166281,136.893831],
      [35.166281,136.893831],
      [35.166281,136.893831],
      [35.166281,136.893831],
      [35.166281,136.893831],
      [35.166281,136.893831],
      [35.166281,136.893831],
      [35.166281,136.893831],
      [35.166281,136.893831],
      [35.166281,136.893831],
      [35.166281,136.893831],
      [35.166281,136.893831],
      [35.166281,136.893831],
      [35.166281,136.893831],
      [35.166281,136.893831],
      [35.166281,136.893831],
      [35.166281,136.893831],
      [35.166281,136.893831],
      [35.166281,136.893831],
      [35.166281,136.893831],
      [35.166281,136.893831],
      [35.166281,136.893831],
      [35.166281,136.893831],
      [35.166281,136.893831],
      [35.166281,136.893831],
      [35.166281,136.893831],
      [35.166281,136.893831],
      [35.166281,136.893831],
      [35.166281,136.893831],
      [35.166281,136.893831],
      [35.166281,136.893831],
      [35.166281,136.893831],
      [35.166281,136.893831],
      [35.166281,136.893831],
      [35.166281,136.893831],
      [35.166281,136.893831],
      [35.166281,136.893831],
      [35.166281,136.893831],
      [35.166281,136.893831],
