{
  "qz1": {
    "source": [
      [136.88607693425016, 35.176110305009715],
      [136.88607693425016, 35.17585070283127],
      [136.88635546426661, 35.175737288506504]
    ]
  },
  "phone": {
    "source": [
      [136.88603772276974, 35.17610012954964],
      [136.88610625524947, 35.17582640750924],
      [136.8861934784055, 35.17571309904606]
    ]
  },
  "fact": {
    "source": [
      [136.88611248547488, 35.17619434064337],
      [136.8860408378825, 35.17583531940414],
      [136.88636792471746, 35.17583277314856]
    ]
  }
}